"VideoAnalysis: Time (s)","VideoAnalysis: X Wrist (m)","VideoAnalysis: Y Wrist (m)","VideoAnalysis: X Elbow (m)","VideoAnalysis: Y Elbow (m)","VideoAnalysis: X Shoulder (m)","VideoAnalysis: Y Shoulder (m)","VideoAnalysis: X Ear (m)","VideoAnalysis: Y Ear (m)","VideoAnalysis: X Hip (m)","VideoAnalysis: Y Hip (m)","VideoAnalysis: X Knee (m)","VideoAnalysis: Y Knee (m)","VideoAnalysis: X Ankle (m)","VideoAnalysis: Y Ankle (m)","VideoAnalysis: X Toe (m)","VideoAnalysis: Y Toe (m)"
0,-1.09524528935,-0.223510638342,-1.21682736747,-0.0168855440475,-0.986697147649,0.122339172125,-0.811746747139,0.270141958655,-0.938922253016,-0.4238403196,-0.646897241688,-0.731079490091,-0.782247917089,-1.15147198946,-0.625950335184,-1.25741231003
0.0333333333333,-1.1015215335,-0.214120788701,-1.21974484161,-0.00538726359704,-0.998956605911,0.123579022818,-0.811746747139,0.270141958655,-0.938922253016,-0.4238403196,-0.646897241688,-0.747533156249,-0.750868994797,-1.16558652376,-0.590096615883,-1.25832384527
0.0666666666667,-1.10684163108,-0.209340055854,-1.22126487016,-7.94219818442E-05,-1.00287314362,0.129245256363,-0.817210699303,0.27016516015,-0.938922253016,-0.4238403196,-0.646830789078,-0.737804494191,-0.702172522422,-1.17380006632,-0.550206097677,-1.26978314538
0.1,-1.10586096793,-0.211632355963,-1.22397395329,0.0132821192666,-1.00287314362,0.129245256363,-0.817210699303,0.27016516015,-0.938922253016,-0.4238403196,-0.662447152354,-0.760292057308,-0.67669459187,-1.17380006632,-0.491158870692,-1.25347679282
0.133333333333,-1.10586096793,-0.211632355963,-1.21013433855,-0.00403885117748,-1.00075265131,0.114703082338,-0.817210699303,0.278053668583,-0.51608699732,-1.24988740749,-0.68500116808,-0.773941423337,-0.653715279442,-1.18521662466,-0.468211332834,-1.23981823308
0.166666666667,-1.09892277616,-0.205319336948,-1.2109556443,-0.0192513949291,-1.00075265131,0.114703082338,-0.826410092225,0.285362139631,-0.947293908048,-0.43660651377,-0.694277952392,-0.774778726219,-0.62563240659,-1.19381559235,-0.44422204042,-1.23575249655
0.2,-1.08776773285,-0.210884600312,-1.21042853762,-0.0359226757528,-0.274431892552,0.0290838601296,-0.821781393895,0.285362139631,-0.947293908048,-0.43660651377,-0.703023115826,-0.779084855326,-0.600539901174,-1.19381559235,-0.421867723907,-1.23034116039
0.233333333333,-1.08852774679,-0.210884600312,-1.21042853762,-0.0359226757528,-0.230735846139,-0.908787871676,-0.821781393895,0.286058184493,-0.947293908048,-0.43660651377,-0.713190365107,-0.781862574411,-0.587116474018,-1.1956629749,-0.421867723907,-1.22134155853
0.266666666667,-1.07721334572,-0.221169305076,-1.20969303994,-0.0441357332174,-0.983209343361,0.112860687382,-0.821781393895,0.286058184493,-0.947293908048,-0.437290624084,-0.733764093065,-0.801173702784,-0.587967067422,-1.19650027779,-0.412998341368,-1.20911541131
0.3,-1.07295971932,-0.232066924308,-1.21051434569,-0.0572153336872,-0.983209343361,0.112860687382,-0.815923016309,0.286058184493,-0.947293908048,-0.454370191761,-0.755361191212,-0.804562785878,-0.597203980168,-1.22918167123,-0.416036792156,-1.22125474565
0.333333333333,-1.06798285384,-0.239005116079,-1.20800139527,-0.063871587722,-0.983209343361,0.112860687382,-0.815923016309,0.286058184493,-0.947293908048,-0.455100682436,-0.767362532521,-0.807991740538,-0.616887243156,-1.23347450981,-0.416036792156,-1.22668055063
0.366666666667,-1.05408195372,-0.254217653161,-1.1984031505,-0.0819648307336,-0.979350742604,0.0989789945672,-0.815923016309,0.275489903342,-0.947293908048,-0.455100682436,-0.767362532521,-0.807991740538,-0.632490315909,-1.23518898714,-0.436727195143,-1.23693893924
0.4,-1.03020280607,-0.258912577982,-1.19917542307,-0.103539429447,-0.979350742604,0.0989789945672,-0.815923016309,0.267125764254,-0.947293908048,-0.455100682436,-0.776120986477,-0.813121882005,-0.668454468269,-1.23602629002,-0.477109653,-1.26082694996
0.433333333333,-1.00629914184,-0.275767725837,-1.18567904058,-0.119928769492,-0.967693828605,0.0925711680844,-0.815923016309,0.266394917149,-0.954807526415,-0.462660681163,-0.779629684268,-0.82173414022,-0.698424595236,-1.24984843284,-0.515582227504,-1.28695762674
0.466666666667,-0.994408601168,-0.286162755205,-1.178667296,-0.140583996101,-0.962398391529,0.0745759519403,-0.815923016309,0.263633939198,-0.958645501229,-0.469235097234,-0.774419799669,-0.829376190334,-0.723237999691,-1.25282550975,-0.555950216548,-1.29902461702
0.5,-0.982236119844,-0.298764276656,-1.16857871944,-0.161030831699,-0.962398391529,0.0728841930497,-0.815923016309,0.255188594876,-0.961045684874,-0.472354176463,-0.774419799669,-0.830186912172,-0.766591682248,-1.2670330777,-0.594307040546,-1.30793740599
0.533333333333,-0.965944853299,-0.307602503276,-1.16129729237,-0.18714099946,-0.962398391529,0.0728841930497,-0.815923016309,0.238935947355,-0.963399488159,-0.480818592216,-0.774419799669,-0.841324369555,-0.821627733587,-1.27373150076,-0.632417894719,-1.31298702183
0.566666666667,-0.95406657092,-0.31205226231,-1.17845890498,-0.163127000097,-0.962398391529,0.0728841930497,-0.815923016309,0.225757497974,-0.978322369082,-0.485259511714,-0.774419799669,-0.847344975992,-0.883016654412,-1.27705413124,-0.690958713239,-1.32230493758
0.6,-0.94296056077,-0.315987173191,-1.16399411721,-0.170432943752,-0.946929226331,0.0559202545854,-0.815238572195,0.225757497974,-0.976942553363,-0.491346934002,-0.774419799669,-0.851318842051,-0.894207273882,-1.26538505298,-0.738416420789,-1.32321647281
0.633333333333,-0.929893224324,-0.323244080486,-1.15109839116,-0.183438994453,-0.94286205256,0.0452714434865,-0.81450772509,0.225757497974,-0.99394095541,-0.496564724534,-0.778779090864,-0.866828881151,-0.910288805426,-1.26158396371,-0.785034937169,-1.32415694568
0.666666666667,-0.903182411832,-0.33313651999,-1.1428853337,-0.193392729769,-0.94286205256,0.0274384507976,-0.81450772509,0.225757497974,-0.99394095541,-0.497306810299,-0.78218146448,-0.867666184033,-0.929214508663,-1.26242126659,-0.831074701017,-1.32506848091
0.7,-0.876067075792,-0.33578431049,-1.13272320737,-0.202709033758,-0.940637273745,0.0220734893844,-0.808800157224,0.211801798496,-0.996271568514,-0.499764969394,-0.7926145242,-0.869327499275,-1.00318955376,-1.26953169583,-0.875971428617,-1.32803458764
0.733333333333,-0.853046008395,-0.33578431049,-1.11527965398,-0.207992358784,-0.922410309808,0.0213434838357,-0.808800157224,0.212544246349,-1.00296193549,-0.512960181897,-0.793465117604,-0.870164802157,-1.03458176658,-1.2675779891,-0.918683365412,-1.32894612287
0.766666666667,-0.830466239414,-0.334019116824,-1.09995678558,-0.209463354151,-0.922410309808,0.0213434838357,-0.808800157224,0.212544246349,-1.02574628748,-0.524450916158,-0.837762427218,-0.870337578942,-1.06266463943,-1.2675779891,-0.951397352232,-1.32894612287
0.8,-0.81847763243,-0.321601469713,-1.08467069206,-0.213998923198,-0.903302704256,0.0213434838357,-0.808800157224,0.212544246349,-1.02574628748,-0.524450916158,-0.873726579578,-0.87869731724,-1.12034550463,-1.25978974325,-0.991085307052,-1.32512635617
0.833333333333,-0.804711573491,-0.312947117433,-1.07389565099,-0.213177617452,-0.903302704256,0.0220387272154,-0.808800157224,0.212544246349,-1.02574628748,-0.524450916158,-0.899829164662,-0.890858144812,-1.15156494066,-1.25539058049,-1.01922714888,-1.32593660971
0.866666666667,-0.803669618897,-0.30489342133,-1.0573959863,-0.216193157954,-0.89119388206,0.0312275272169,-0.813289646582,0.215572041497,-1.03555573368,-0.524450916158,-0.924536244941,-0.892532750576,-1.19305795015,-1.24487777763,-1.05529790038,-1.33134794588
0.9,-0.793004907163,-0.292402224484,-1.04222021743,-0.213189875747,-0.903615563777,0.0218069794222,-0.814032094435,0.215572041497,-1.03555573368,-0.524450916158,-0.946532058746,-0.894167484774,-1.22245658467,-1.23647816777,-1.08783826144,-1.33227394993
0.933333333333,-0.786262848021,-0.277667760686,-1.04253893309,-0.208053650258,-0.901923804887,0.0400918803079,-0.814032094435,0.229144916301,-1.03581082566,-0.523337787512,-0.966746942612,-0.897410372127,-1.25645373978,-1.22835765887,-1.1276853732,-1.33227394993
0.966666666667,-0.785968649077,-0.264134609245,-1.03802788063,-0.202733550348,-0.901923804887,0.0400918803079,-0.814032094435,0.240687660257,-1.03581082566,-0.523337787512,-1.01024682091,-0.899882409207,-1.29968780764,-1.22551348717,-1.180858262,-1.32027930372
1,-0.785968649077,-0.248983363609,-1.03426458415,-0.196065038018,-0.875921702486,0.0593617093148,-0.814032094435,0.250316280844,-1.03581082566,-0.523337787512,-1.02878709901,-0.896054738889,-1.33198377595,-1.21324633543,-1.23877692155,-1.32027930372
1.03333333333,-0.778233668498,-0.232373381541,-1.03262197266,-0.185167414009,-0.875921702486,0.0593617093148,-0.814032094435,0.25320486702,-1.03581082566,-0.523337787512,-1.0461711017,-0.881541488934,-1.3521322072,-1.19708506075,-1.28342767932,-1.31763151089
1.06666666667,-0.775904593521,-0.225202282272,-1.0302193469,-0.173730425032,-0.875921702486,0.0752248457613,-0.814032094435,0.256128255439,-1.03581082566,-0.517528647385,-1.06831311125,-0.867240887331,-1.38620910545,-1.18379453881,-1.31431859567,-1.31763151089
1.1,-0.767740572815,-0.212343336745,-1.02721606469,-0.169574863121,-0.875921702486,0.0752248457613,-0.81480934453,0.264852017706,-1.03581082566,-0.515928524955,-1.07405461673,-0.849006291234,-1.41007888285,-1.16151962405,-1.34183827852,-1.31763151089
1.13333333333,-0.763965019695,-0.205625794182,-1.02574506932,-0.165407042915,-0.875921702486,0.0752248457613,-0.81480934453,0.276731183346,-1.03897628525,-0.507266992671,-1.08888683921,-0.842945813231,-1.42608067126,-1.14639501008,-1.36953158713,-1.31549012652
1.16666666667,-0.761881110506,-0.193759770092,-1.02574506932,-0.165407042915,-0.875921702486,0.0752248457613,-0.81480934453,0.278935325408,-1.04574781785,-0.504055152721,-1.11130794971,-0.842945813231,-1.43260631753,-1.12490423611,-1.42503395487,-1.28580012168
1.2,-0.762616607867,-0.187336426473,-1.02574506932,-0.151739044299,-0.875921702486,0.075920089141,-0.81480934453,0.282554758689,-1.02193150284,-0.477050187943,-1.11849812208,-0.833044374388,-1.43953067946,-1.10341346214,-1.45687981289,-1.28371661257
1.23333333333,-0.76180756077,-0.178841431954,-1.02413923271,-0.142998880161,-0.860776984199,0.0887125673272,-0.81480934453,0.282554758689,-1.01903273033,-0.4637854049,-1.12643256368,-0.814357900545,-1.44540509015,-1.07976962362,-1.49551154434,-1.26811923185
1.26666666667,-0.76180756077,-0.170542570065,-1.02413923271,-0.143746636139,-0.860776984199,0.0977275564838,-0.81480934453,0.288482740761,-1.01903273033,-0.4637854049,-1.13204116394,-0.803419800992,-1.45892155096,-1.06007307011,-1.52282866381,-1.25968391371
1.3,-0.76180756077,-0.170542570065,-1.02413923271,-0.143746636139,-0.849861663138,0.104413480318,-0.81480934453,0.292392192734,-1.01903273033,-0.4637854049,-1.13204116394,-0.803419800992,-1.46670979682,-1.04330043142,-1.54629707894,-1.23572355893
1.33333333333,-0.76180756077,-0.170542570065,-1.02413923271,-0.143746636139,-0.849861663138,0.104413480318,-0.81480934453,0.293134640587,-1.0142787434,-0.455031111895,-1.11187944216,-0.839915574229,-1.46866350354,-1.02656766431,-1.56449884605,-1.22291865918
1.36666666667,-0.767887672287,-0.178461424984,-1.02413923271,-0.143746636139,-0.849861663138,0.110612733787,-0.81480934453,0.293134640587,-1.00045739603,-0.455031111895,-1.11100226771,-0.850840383261,-1.5218920439,-1.00660530036,-1.59667748678,-1.17180034187
1.4,-0.774163916434,-0.192595232604,-1.02413923271,-0.130360578301,-0.849861663138,0.110612733787,-0.81480934453,0.293134640587,-1.00045739603,-0.455031111895,-1.11100226771,-0.851677686143,-1.53459778287,-0.979027467339,-1.61340343493,-1.13704625237
1.43333333333,-0.773428419073,-0.215481458818,-1.02413923271,-0.130360578301,-0.849861663138,0.110612733787,-0.81480934453,0.293134640587,-1.00045739603,-0.455031111895,-1.0907608028,-0.854216175833,-1.54646621896,-0.956008283345,-1.62882718988,-1.1004546236
1.46666666667,-0.776321375359,-0.232446931277,-1.02413923271,-0.130360578301,-0.849861663138,0.110612733787,-0.811665541905,0.268007421079,-1.00045739603,-0.455031111895,-1.08228144981,-0.864277100939,-1.54895154656,-0.936471216098,-1.63127241932,-1.05973938303
1.5,-0.784117647385,-0.256889960239,-1.02413923271,-0.130360578301,-0.849861663138,0.110612733787,-0.811665541905,0.262439062185,-1.00045739603,-0.455031111895,-1.07295150341,-0.873434270553,-1.54895154656,-0.927779214751,-1.63127241932,-1.03807956956
1.53333333333,-0.790344858374,-0.266059160672,-1.02413923271,-0.130360578301,-0.854380745106,0.098028828615,-0.811665541905,0.260165315637,-1.00269524841,-0.457199393739,-1.07212749105,-0.877634075485,-1.53980766747,-0.902487351506,-1.63040429053,-0.993993095501
1.56666666667,-0.79777338172,-0.284838859955,-1.02413923271,-0.130360578301,-0.861958897944,0.0767659685863,-0.811665541905,0.253796505153,-1.00523457314,-0.464052091971,-1.05179299248,-0.884106559668,-1.52863033852,-0.859997552875,-1.63040429053,-0.994904630738
1.6,-0.799403734203,-0.293174496713,-1.03778271474,-0.135423254022,-0.868969268689,0.0706362394554,-0.810876691061,0.254794169454,-1.00678831521,-0.466603011787,-1.03444886136,-0.902886067164,-1.50394983928,-0.846348186847,-1.62195450357,-0.993110497891
1.63333333333,-0.815645967591,-0.312113553757,-1.04169311076,-0.14590409601,-0.868969268689,0.0706362394554,-0.81002983648,0.249225810561,-1.0127597866,-0.487079940855,-1.01856668764,-0.908574410553,-1.47743524802,-0.839503568049,-1.6088023523,-0.990433767435
1.66666666667,-0.815645967591,-0.312113553757,-1.05534885108,-0.149728683964,-0.872561359485,0.0684693975887,-0.807802492922,0.238112294269,-1.00872469525,-0.484169573247,-0.998710647869,-0.916243041711,-1.45441606403,-0.83861310308,-1.576435617,-0.982114199801
1.7,-0.853634406283,-0.33089325304,-1.06795037805,-0.163923789254,-0.873302952423,0.0647266707281,-0.807802492922,0.232996364535,-1.0118205843,-0.501237545834,-0.976183213187,-0.924031287565,-1.44241472272,-0.82605355985,-1.56290727659,-0.982114199801
1.73333333333,-0.885604024906,-0.371112700394,-1.07561181226,-0.183696418642,-0.883754777897,0.0536491262117,-0.807802492922,0.232961562292,-1.01256267007,-0.505713250602,-0.963902770917,-0.924031287565,-1.40035022079,-0.82605355985,-1.53150995178,-0.982114199801
1.76666666667,-0.907865078364,-0.38680331076,-1.08138546907,-0.183696418642,-0.887485917368,0.0286435393224,-0.807802492922,0.23151146883,-1.00734487953,-0.511522390728,-0.947289618497,-0.924031287565,-1.37267935412,-0.83230010516,-1.50406261299,-0.982114199801
1.8,-0.945694159295,-0.415512224416,-1.08638685332,-0.187459715122,-0.896593605642,0.0174501209095,-0.807802492922,0.216848123744,-0.999135555762,-0.517563432655,-0.925174189994,-0.924031287565,-1.35718260554,-0.833110826998,-1.46797739267,-0.973563131154
1.83333333333,-0.971510116664,-0.425993061809,-1.10340136639,-0.187459715122,-0.909270209932,0.0107410222955,-0.808579743018,0.206581462034,-0.996886108288,-0.53268343011,-0.888146795879,-0.926609648821,-1.33060156167,-0.833110826998,-1.4500215954,-0.973563131154
1.86666666667,-1.00383522568,-0.432526730032,-1.11189636464,-0.188182954511,-0.909270209932,0.0107410222955,-0.810134243209,0.195247531535,-0.987111447357,-0.536301098212,-0.887309492997,-0.927446951703,-1.31562314344,-0.836473329048,-1.4500215954,-0.973563131154
1.9,-1.02319106456,-0.436449382624,-1.11656677493,-0.188182954511,-0.923406825319,0.0107410222955,-0.810134243209,0.195247531535,-0.985696846368,-0.537715699201,-0.85198328569,-0.919153666015,-1.29255079736,-0.841643342081,-1.38637328579,-0.991547866057
1.93333333333,-1.04125978306,-0.435701626974,-1.13014896548,-0.188182954511,-0.923406825319,0.0107410222955,-0.810134243209,0.195247531535,-0.972049425353,-0.545901832792,-0.820471458179,-0.922316810236,-1.27455543066,-0.852235888064,-1.36893836579,-1.01174632939
1.96666666667,-1.06645056767,-0.431668649778,-1.13674392804,-0.192975947748,-0.929073058863,0.0171720235576,-0.810134243209,0.195247531535,-0.969104272475,-0.546632323467,-0.801372978156,-0.922316810236,-1.24018614093,-0.863612574842,-1.34746664689,-1.01909648654
2,-1.08665222852,-0.431668649778,-1.14369438115,-0.190132023372,-0.940892196318,0.0164999549573,-0.814612131819,0.195247531535,-0.964187954284,-0.546632323467,-0.775296974117,-0.903856275266,-1.21139887042,-0.89578892845,-1.29034377207,-1.02868930974
2.03333333333,-1.09154328597,-0.418540021885,-1.17071166272,-0.172823311223,-0.941587439698,0.0225601597502,-0.815354579672,0.195247531535,-0.964187954284,-0.546632323467,-0.743240235206,-0.886405819963,-1.19562302088,-0.911804007384,-1.26291090209,-1.05703371495
2.06666666667,-1.10472094702,-0.414605111004,-1.1737884947,-0.162661184897,-0.946477318135,0.0314592750101,-0.815354579672,0.195247531535,-0.964187954284,-0.546632323467,-0.72096532044,-0.873102007505,-1.16574592757,-0.920748528647,-1.19078386791,-1.08973323296
2.1,-1.127300716,-0.404185565057,-1.17995441694,-0.149152544112,-0.948111140077,0.0398601325147,-0.815354579672,0.206233439603,-0.956245317584,-0.545078581397,-0.71842683075,-0.863067663443,-1.12598068593,-0.946784661121,-1.14582926505,-1.11111813898
2.13333333333,-1.13669056564,-0.381826445285,-1.18919717116,-0.134356782381,-0.952850382448,0.0518762555935,-0.816131829767,0.210966544662,-0.956245317584,-0.545078581397,-0.697693616529,-0.845417850311,-1.08056697248,-0.977206665833,-1.11936580557,-1.15155847209
2.16666666667,-1.13975513798,-0.368281035554,-1.18994492714,-0.132113514447,-0.954403092663,0.0556885067922,-0.816131829767,0.210966544662,-0.956245317584,-0.545078581397,-0.666234951106,-0.829150251461,-1.05978059617,-0.991773077876,-1.08885107837,-1.17835471428
2.2,-1.14489136122,-0.348998746408,-1.19966575486,-0.12109330749,-0.958308042979,0.0666385900222,-0.816131829767,0.226534748069,-0.956245317584,-0.521992757063,-0.654592453889,-0.819355136794,-1.02737830369,-1.0111772399,-1.04035161626,-1.19176730419
2.23333333333,-1.14253776966,-0.330022914496,-1.21294148804,-0.110894406281,-0.963221096195,0.073764834664,-0.816131829767,0.227265595174,-0.956245317584,-0.511649936719,-0.646192844026,-0.798582051007,-0.997700568202,-1.03988476729,-0.982794677044,-1.20541139511
2.26666666667,-1.15663480241,-0.320056925255,-1.21692543383,-0.119965544376,-0.967288269967,0.0785156644251,-0.821932203615,0.232381524907,-0.956245317584,-0.503510183488,-0.642697436756,-0.791391878639,-0.980436180206,-1.0519525612,-0.897587835654,-1.24669091939
2.3,-1.15714965057,-0.314736827677,-1.2239494367,-0.10892082083,-0.971309094179,0.0937762566092,-0.828823047746,0.244562309987,-0.956245317584,-0.503510183488,-0.62179144575,-0.771602291476,-0.953496292241,-1.05906299044,-0.85532443207,-1.25336104231
2.33333333333,-1.15714965057,-0.307921218799,-1.23246895154,-0.0680026330437,-0.991841948659,0.0974378717422,-0.828823047746,0.248483362708,-0.956245317584,-0.491277363461,-0.620954142868,-0.770751698072,-0.90352392976,-1.07503819781,-0.80455336628,-1.25336104231
2.36666666667,-1.15537219861,-0.304439864624,-1.23246895154,-0.0522752409137,-0.991841948659,0.113034498226,-0.828823047746,0.254620158239,-0.943235626523,-0.464550680845,-0.619279537104,-0.749167890447,-0.860156956681,-1.09478791341,-0.706469281073,-1.26971080132
2.4,-1.15299409048,-0.289975083192,-1.2302379419,-0.038349818108,-0.991841948659,0.112304492678,-0.828823047746,0.260084110403,-0.940278878555,-0.448723382896,-0.619279537104,-0.749167890447,-0.810503566726,-1.13194821274,-0.639825927117,-1.28063475534
2.43333333333,-1.15299409048,-0.289239585831,-1.23097343958,-0.0269373457206,-0.991841948659,0.112304492678,-0.828823047746,0.262276651718,-0.941009369229,-0.43813706566,-0.619279537104,-0.749167890447,-0.764358874563,-1.16489541662,-0.602959390886,-1.28063475534
2.46666666667,-1.14958628604,-0.279714895007,-1.23251798471,-0.0608192723359,-0.991841948659,0.112304492678,-0.828823047746,0.263668741441,-0.941009369229,-0.43813706566,-0.619279537104,-0.749167890447,-0.719636268247,-1.16663647499,-0.531888580068,-1.28063475534
2.5,-1.14588428265,-0.269515998269,-1.23251798471,-0.0555114307207,-0.991841948659,0.112304492678,-0.828823047746,0.26734617846,-0.941009369229,-0.434183139945,-0.62810444367,-0.751746251703,-0.675086438715,-1.18726336504,-0.480842606825,-1.27975215773
2.53333333333,-1.13486408053,-0.263681052539,-1.22908566219,-0.0333606921556,-0.990370350172,0.115525787004,-0.828823047746,0.272763727634,-0.941009369229,-0.434183139945,-0.634244664805,-0.759547788079,-0.631161263715,-1.1915429131,-0.441357215391,-1.2543304528
2.56666666667,-1.12069349804,-0.247892375857,-1.22982115988,-0.0333606921556,-0.990370350172,0.12969716456,-0.828823047746,0.282833176633,-0.945009675304,-0.43346424436,-0.636783154494,-0.765462070341,-0.588246168382,-1.19668634509,-0.418279458214,-1.2543304528
2.6,-1.11375530627,-0.246384606267,-1.21894805246,-0.0364497824259,-0.990370350172,0.12969716456,-0.828823047746,0.282833176633,-0.945114031115,-0.448711787806,-0.636783154494,-0.766272792179,-0.55686724609,-1.19668634509,-0.418279458214,-1.23395836371
2.63333333333,-1.10898683171,-0.247095587049,-1.22045582271,-0.0406176026319,-0.990370350172,0.12969716456,-0.828823047746,0.283529221495,-0.945809736519,-0.448711787806,-0.671325221007,-0.780453779085,-0.598812133322,-1.20517898861,-0.418279458214,-1.23395836371
2.66666666667,-1.12681038443,-0.273696074937,-1.22045582271,-0.0422969890089,-0.990370350172,0.12386870756,-0.828823047746,0.283529221495,-0.951572496285,-0.448711787806,-0.691101517649,-0.801107250175,-0.5941338696,-1.21545256207,-0.418279458214,-1.23395836371
2.7,-1.10966103763,-0.280364584343,-1.22045582271,-0.0422969890089,-0.990370350172,0.113776091165,-0.828823047746,0.283529221495,-0.951572496285,-0.448711787806,-0.691898948965,-0.800256656771,-0.605337779593,-1.22652356684,-0.418279458214,-1.23666403179
2.73333333333,-1.10108023508,-0.285660165342,-1.21726866608,-0.0493209918854,-0.990370350172,0.100775039965,-0.828823047746,0.283529221495,-0.949612926063,-0.442844672229,-0.707874156333,-0.81041061553,-0.606268116128,-1.22996581202,-0.418279458214,-1.24695135803
2.76666666667,-1.09658144289,-0.294032576967,-1.21649639351,-0.0516623261776,-0.990370350172,0.100068209195,-0.82447276736,0.277624440918,-0.958517955238,-0.453048351493,-0.719476781983,-0.824844122353,-0.632663092694,-1.22996581202,-0.420001246994,-1.24893358545
2.8,-1.07791206821,-0.300504953743,-1.21649639351,-0.0593237603796,-0.989605582454,0.0899640054106,-0.820458908658,0.277624440918,-0.953184213805,-0.461489577065,-0.725816360947,-0.836327133306,-0.662779415402,-1.24637960661,-0.434933062296,-1.2557483965
2.83333333333,-1.06479569861,-0.300603020058,-1.20917819156,-0.0765098895817,-0.986697147649,0.0824322021307,-0.818892807719,0.263123506299,-0.966367831217,-0.478453193841,-0.726613792263,-0.836327133306,-0.705269214033,-1.25450011552,-0.487382510427,-1.29271621443
2.86666666667,-1.04753602721,-0.306437965788,-1.19156302204,-0.09718963278,-0.971830526714,0.0680638389505,-0.818892807719,0.26090776349,-0.986589668304,-0.491903498325,-0.728301688549,-0.837204307754,-0.695381065712,-1.26541163403,-0.513874907537,-1.29864842787
2.9,-1.02576530532,-0.313523257032,-1.18156025355,-0.126278566158,-0.971830526714,0.0680638389505,-0.818892807719,0.256569083852,-0.998694942339,-0.501794110157,-0.755533967997,-0.851053031612,-0.731145860244,-1.26624893691,-0.535303220001,-1.30323504168
2.93333333333,-1.00784368629,-0.320204024727,-1.17823825568,-0.15410489518,-0.967601129487,0.0516792699693,-0.818892807719,0.248541366447,-0.969707217158,-0.49105705675,-0.755533967997,-0.851053031612,-0.750523441227,-1.26624893691,-0.56827764546,-1.32723880291
2.96666666667,-0.990105941606,-0.326517043742,-1.17040520535,-0.154730068211,-0.967601129487,0.0516792699693,-0.818892807719,0.232833954068,-0.98111678579,-0.497040123227,-0.755533967997,-0.851053031612,-0.797744665667,-1.26801657633,-0.635572096013,-1.34267702667
3,-0.966925516447,-0.330979061065,-1.1654038211,-0.16609350742,-0.967601129487,0.0357813713538,-0.818892807719,0.226325934611,-0.98111678579,-0.501875275788,-0.755533967997,-0.851053031612,-0.837616231477,-1.27981855981,-0.660183547398,-1.34354515547
3.03333333333,-0.942997335638,-0.337206272054,-1.1654038211,-0.16609350742,-0.967601129487,0.0357813713538,-0.817407912014,0.222010456468,-0.98111678579,-0.502605766462,-0.774007793489,-0.866709266453,-0.871068475191,-1.28065586269,-0.699133592741,-1.34354515547
3.06666666667,-0.947177412306,-0.347540009976,-1.1654038211,-0.16609350742,-0.947450658866,0.0365577264612,-0.814612131819,0.214771589906,-0.983435803804,-0.504808833576,-0.774007793489,-0.866709266453,-0.91183050597,-1.28653027338,-0.762825308788,-1.34354515547
3.1,-0.937738529507,-0.353681412939,-1.13778588309,-0.182544138938,-0.947450658866,0.0365577264612,-0.811723545643,0.207463118858,-0.995958501082,-0.517459076845,-0.801652079117,-0.883508486181,-0.938119158361,-1.28637078712,-0.815491789118,-1.34651126219
3.13333333333,-0.917107828533,-0.35592467989,-1.12497596511,-0.187950046911,-0.947450658866,0.0365577264612,-0.810992698538,0.206732271754,-1.00952475647,-0.518978033644,-0.897131188708,-0.882431953904,-0.977565427468,-1.29038452474,-0.872817227323,-1.34651126219
3.16666666667,-0.880014244963,-0.35366915465,-1.11260734573,-0.192497874254,-0.935040564539,0.0350397784155,-0.809298989375,0.217625373839,-1.01962407992,-0.525123431383,-0.790846884782,-0.881129482754,-1.01980270618,-1.28698215113,-0.884522497264,-1.34651126219
3.2,-0.86255844093,-0.345995465518,-1.09980968604,-0.191014620592,-0.934241034652,0.0334407186422,-0.809298989375,0.201117509869,-1.01962407992,-0.525830731877,-0.882259094661,-0.885634969691,-1.05087594647,-1.28634420608,-0.922835914823,-1.34852242724
3.23333333333,-0.846782022537,-0.34161925622,-1.08984369243,-0.18869780289,-0.917033761005,0.0334407186422,-0.809298989375,0.193449415643,-1.017189111,-0.526758339083,-0.861007550085,-0.885634969691,-1.09424291955,-1.25953722333,-0.962002992364,-1.34282171481
3.26666666667,-0.829890099814,-0.335159137733,-1.08149579372,-0.186282918829,-0.910289900222,0.0334407186422,-0.809298989375,0.193449415643,-1.01645862033,-0.527488829757,-0.908401551311,-0.894845301393,-1.1255952608,-1.2900522617,-1.001705416,-1.34282171481
3.3,-0.81038716146,-0.322667940886,-1.07789185507,-0.186074527819,-0.909583069453,0.0334407186422,-0.810076239471,0.211175358121,-1.01645862033,-0.527488829757,-0.950665411069,-0.895682604275,-1.17813269401,-1.27766549525,-1.01961780683,-1.34282171481
3.33333333333,-0.796192062394,-0.305677951849,-1.0606444344,-0.180607328372,-0.909583069453,0.0334407186422,-0.810076239471,0.220664769735,-1.02042414113,-0.522758033008,-0.967345016099,-0.896466745069,-1.20342455726,-1.27766549525,-1.05810485015,-1.34282171481
3.36666666667,-0.791681011913,-0.297575222589,-1.0606444344,-0.179871830689,-0.909583069453,0.0334407186422,-0.814693337053,0.226035915918,-1.02355481545,-0.522758033008,-0.985353673323,-0.900706421567,-1.25719800901,-1.24550243217,-1.12166634688,-1.34282171481
3.4,-0.773980042093,-0.272641862053,-1.04967326062,-0.18047248713,-0.904415093664,0.0342286611392,-0.816189833506,0.236917417256,-1.02355481545,-0.522758033008,-0.992304616296,-0.898699552754,-1.30158835228,-1.2350427914,-1.12166634688,-1.34282171481
3.43333333333,-0.780967267022,-0.262835230574,-1.04403444505,-0.179736989447,-0.904415093664,0.0334986555905,-0.816189833506,0.240826869229,-1.02355481545,-0.522062327604,-1.0104860503,-0.89173531926,-1.31966346211,-1.22446353594,-1.1681112375,-1.34282171481
3.46666666667,-0.774727797744,-0.254879600786,-1.04157052781,-0.167270303713,-0.896964402111,0.0496630641682,-0.819194427159,0.2472652842,-1.02663910941,-0.520578156074,-1.03559184624,-0.886086847437,-1.3555212903,-1.21104010878,-1.23050076035,-1.3375840044
3.5,-0.770854178309,-0.23370953508,-1.04305378147,-0.167270303713,-0.896964402111,0.0489330586195,-0.819194427159,0.252566825897,-1.02663910941,-0.511313679106,-1.06403356319,-0.873806405167,-1.38380352098,-1.19089167753,-1.27057937313,-1.33651331222
3.53333333333,-0.770045131212,-0.217479559982,-1.04305378147,-0.167270303713,-0.896964402111,0.0489330586195,-0.819194427159,0.255385807587,-1.02663910941,-0.511313679106,-1.08593634334,-0.867068110546,-1.40425763424,-1.16789907458,-1.32025080911,-1.33544262003
3.56666666667,-0.769285117273,-0.201200551727,-1.03150646784,-0.151028063205,-0.894809147634,0.0496283019992,-0.819194427159,0.263274316019,-1.02663910941,-0.502536195922,-1.10042301225,-0.857977393541,-1.4087764117,-1.16159936718,-1.37355391723,-1.33437192785
3.6,-0.766183770067,-0.185902206619,-1.0322909987,-0.147191216956,-0.88297842279,0.0536259514324,-0.819194427159,0.262589871905,-1.02594340401,-0.491300553642,-1.10831758228,-0.836247390175,-1.42303714174,-1.14250088716,-1.42507736131,-1.32294156536
3.63333333333,-0.766183770067,-0.185166709258,-1.02583087738,-0.146455719273,-0.878250767808,0.0639503156207,-0.819194427159,0.262589871905,-1.0140468416,-0.468516201649,-1.11597292291,-0.831994423155,-1.43503848304,-1.11296934741,-1.45015181472,-1.31653188108
3.66666666667,-0.766183770067,-0.182886667439,-1.02106240074,-0.14325630435,-0.867150048513,0.0893962233172,-0.819194427159,0.286615020382,-1.0140468416,-0.460376448418,-1.11682351632,-0.831143829751,-1.46370613886,-1.09437590723,-1.47440154577,-1.30097790681
3.7,-0.766183770067,-0.182886667439,-1.0162694075,-0.136943282568,-0.858888239684,0.101586157241,-0.819194427159,0.286615020382,-1.0140468416,-0.460376448418,-1.11682351632,-0.845989342754,-1.46454344174,-1.0729117143,-1.47440154577,-1.30097790681
3.73333333333,-0.763168230888,-0.186564154244,-1.0041827289,-0.121301698501,-0.858181408915,0.110450510332,-0.819194427159,0.286615020382,-0.997338316801,-0.444305653578,-1.11682351632,-0.84781014426,-1.46454344174,-1.04015057772,-1.49779761684,-1.27136024603
3.76666666667,-0.762395958659,-0.185840915172,-1.00810538321,-0.13861041065,-0.858181408915,0.110450510332,-0.819194427159,0.286615020382,-0.998080402565,-0.445036144253,-1.11682351632,-0.84781014426,-1.48653925555,-1.03048836828,-1.53081544874,-1.24020889104
3.8,-0.763168230888,-0.189751309475,-1.00810538321,-0.13861041065,-0.858181408915,0.111145753712,-0.819194427159,0.286615020382,-0.998080402565,-0.445036144253,-1.11682351632,-0.84781014426,-1.49416801514,-1.01278539306,-1.57724587055,-1.19652754376
3.83333333333,-0.767115400058,-0.204167057749,-1.00810538321,-0.137065865515,-0.858181408915,0.111864171871,-0.819194427159,0.286615020382,-0.998080402565,-0.445036144253,-1.11183957059,-0.84781014426,-1.51051535712,-0.989407364971,-1.60655968624,-1.13280689008
3.86666666667,-0.771234185279,-0.221328662838,-1.00810538321,-0.137065865515,-0.858181408915,0.111864171871,-0.819194427159,0.286615020382,-0.998080402565,-0.445036144253,-1.11183957059,-0.84781014426,-1.53458449235,-0.954971622633,-1.6133744973,-1.08811272587
3.9,-0.7738574592,-0.238355426744,-1.00810538321,-0.137065865515,-0.858181408915,0.111864171871,-0.819194427159,0.283761236449,-0.998080402565,-0.445036144253,-1.0937910418,-0.849484750024,-1.53458449235,-0.944578434479,-1.62464570284,-1.06182289215
3.93333333333,-0.776480733121,-0.242633569726,-1.01342548312,-0.14636991121,-0.85767156377,0.0989674071775,-0.819194427159,0.277334422226,-0.998080402565,-0.445036144253,-1.07475901439,-0.863718899018,-1.53458449235,-0.937561038897,-1.62664239907,-1.03777572448
3.96666666667,-0.780096928479,-0.256902218529,-1.01342548312,-0.147093150599,-0.857938073732,0.0922583085636,-0.819194427159,0.268065424818,-0.998080402565,-0.447934916771,-1.05733514013,-0.863718899018,-1.5337073179,-0.903577174305,-1.62463123403,-0.989030292547
4,-0.786716404727,-0.277998734498,-1.01579133401,-0.143231787761,-0.865469877012,0.0829536346655,-0.819194427159,0.266487723131,-0.995077274237,-0.468330680208,-1.04945386062,-0.870457193639,-1.52925499305,-0.890525881763,-1.62463123403,-0.989030292547
4.03333333333,-0.800004390381,-0.294853882353,-1.02920190843,-0.146418944389,-0.866246232119,0.0742746798091,-0.823161882871,0.258889233391,-0.988514453256,-0.473339759119,-1.04088147397,-0.885807746476,-1.49940448078,-0.861632287074,-1.62463123403,-0.989030292547
4.06666666667,-0.808793583845,-0.31319228322,-1.03848143754,-0.143317595824,-0.882260004631,0.053915636174,-0.823161882871,0.243297828489,-0.981928442095,-0.477792273707,-1.01598832639,-0.893649154419,-1.47142793211,-0.853790879131,-1.58432112024,-0.983575549942
4.1,-0.821738337397,-0.331052610801,-1.04630222957,-0.150905480258,-0.893140563523,0.044263340586,-0.823161882871,0.231720282289,-0.974704700979,-0.48790319225,-0.978602088179,-0.918356234698,-1.44624239304,-0.829163541983,-1.55968073123,-0.982664014705
4.13333333333,-0.837735404998,-0.346681929721,-1.04707450214,-0.166399964788,-0.893140563523,0.044263340586,-0.822396233523,0.22511945685,-0.971121818147,-0.491474479993,-0.971730888338,-0.921771898836,-1.43606185323,-0.828339529623,-1.49760952227,-0.975241513494
4.16666666667,-0.854087962989,-0.354380135432,-1.06014184432,-0.177469204923,-0.893140563523,0.044263340586,-0.822396233523,0.224435012736,-0.968872370673,-0.498721411288,-0.946532058746,-0.926064737422,-1.38911972975,-0.828339529623,-1.46392612496,-0.975241513494
4.2,-0.877280646438,-0.367876512006,-1.07160334988,-0.179418273784,-0.893916918631,0.0336840538251,-0.822396233523,0.217718179821,-0.968107094728,-0.510038219199,-0.910288805426,-0.937614200984,-1.37311794134,-0.828339529623,-1.44873387102,-0.975241513494
4.23333333333,-0.895925504538,-0.381152239371,-1.08706105953,-0.174257531705,-0.893916918631,0.0336840538251,-0.822396233523,0.217718179821,-0.963434273429,-0.537031588887,-0.903417605584,-0.938491375432,-1.3522518219,-0.828339529623,-1.44785127341,-0.975241513494
4.26666666667,-0.914496812901,-0.405166228205,-1.09837546556,-0.181918965908,-0.89531899278,0.0336840538251,-0.822396233523,0.208530387646,-0.963434273429,-0.544406066173,-0.891336521144,-0.939341968836,-1.28516126717,-0.847464590689,-1.40453164645,-0.98228782556
4.3,-0.944995436802,-0.420869096861,-1.10926083127,-0.181918965908,-0.89531899278,0.0275774994736,-0.819403240617,0.197637285561,-0.963434273429,-0.549473120535,-0.870204591265,-0.939341968836,-1.25097804475,-0.848580994532,-1.40453164645,-0.98228782556
4.33333333333,-0.957167918125,-0.430222171635,-1.11714291478,-0.181918965908,-0.907080193286,0.0225022228019,-0.818695595008,0.190734840682,-0.963434273429,-0.550864531343,-0.817002631953,-0.939341968836,-1.25097804475,-0.848580994532,-1.38233648689,-1.00523536342
4.36666666667,-0.974623722158,-0.426201452728,-1.12720697475,-0.181918965908,-0.907833373614,0.0217606298635,-0.818695595008,0.179377708689,-0.963434273429,-0.551606617108,-0.795604891636,-0.939341968836,-1.22038326325,-0.861074085152,-1.32379566837,-1.02521679455
4.4,-0.995144098529,-0.434377731724,-1.13733232619,-0.178400835322,-0.907833373614,0.0217606298635,-0.818695595008,0.176489122512,-0.963434273429,-0.551606617108,-0.770060508474,-0.922861721635,-1.21688785598,-0.871772955311,-1.26241896244,-1.05606430446
4.43333333333,-1.00070936189,-0.432036398458,-1.15106161628,-0.176427249871,-0.923348888371,0.0217606298635,-0.818695595008,0.175781476903,-0.965695315993,-0.539327416721,-0.746576156212,-0.912508405046,-1.19340350372,-0.899377369373,-1.22014109005,-1.08398911409
4.46666666667,-1.0246375427,-0.400275170755,-1.15106161628,-0.176427249871,-0.938250271475,0.0285160780361,-0.821189755762,0.184609645899,-0.9764323694,-0.539327416721,-0.723703167959,-0.893290310326,-1.18884485469,-0.917944228518,-1.18712325815,-1.09172992919
4.5,-1.03296092117,-0.388789153635,-1.17970925105,-0.157831416776,-0.938250271475,0.0285160780361,-0.821189755762,0.184609645899,-0.978612246334,-0.539327416721,-0.713309979805,-0.87828531106,-1.11392618254,-0.927340627528,-1.15984954512,-1.11294120945
4.53333333333,-1.04372369922,-0.380012218461,-1.18294544085,-0.140927228353,-0.950602428854,0.0464417698423,-0.821189755762,0.18672098198,-0.979354332099,-0.539327416721,-0.710837942725,-0.876690448428,-1.08059355352,-0.969870297724,-1.11284037078,-1.14180649194
4.56666666667,-1.04829604115,-0.365890669131,-1.19385532316,-0.117109361705,-0.950602428854,0.0464417698423,-0.821189755762,0.187440228337,-0.979354332099,-0.539327416721,-0.652758361862,-0.835330344161,-1.0618007555,-0.987719468685,-1.08600072215,-1.15271597715
4.6,-1.05930398498,-0.343813490013,-1.19745926181,-0.0982315878314,-0.964947617255,0.0601960013704,-0.821189755762,0.187440228337,-0.983145926552,-0.534132816369,-0.652758361862,-0.826000397762,-1.01932424739,-1.00143528732,-1.05487830479,-1.16368333762
4.63333333333,-1.06898803357,-0.336409483247,-1.20445874809,-0.084293906731,-0.964947617255,0.0601960013704,-0.821189755762,0.189551564417,-0.983888012317,-0.522746437918,-0.650126838519,-0.816856518669,-1.00317626324,-1.01285184567,-0.999433812313,-1.18230470031
4.66666666667,-1.06573958689,-0.337194013765,-1.20833236923,-0.0772208706757,-0.968817805402,0.0665343035152,-0.821189755762,0.200931897906,-0.965869242344,-0.511464415277,-0.644544819305,-0.813121882005,-0.970654356061,-1.03373125563,-0.937550697926,-1.22233990664
4.7,-1.06573958689,-0.337194013765,-1.21066144522,-0.0741440387001,-0.969513048782,0.0712503711074,-0.821189755762,0.201627942768,-0.965869242344,-0.509226562893,-0.612541242482,-0.783962476877,-0.970654356061,-1.03454197747,-0.871992504966,-1.26069673064
4.73333333333,-1.06819124476,-0.324886691258,-1.22084808814,-0.0587598788224,-0.977601046765,0.0823974399617,-0.821189755762,0.201627942768,-0.962692187664,-0.491822332695,-0.603955565311,-0.774180652731,-0.911551405009,-1.05895666626,-0.795090762397,-1.26369177499
4.76666666667,-1.06972353093,-0.306106991976,-1.22084808814,-0.0587598788224,-0.981030914105,0.10060122912,-0.821189755762,0.209261234751,-0.942470350578,-0.4718439925,-0.604939063935,-0.766804413057,-0.854508484858,-1.09061468952,-0.732325050399,-1.26369177499
4.8,-1.07467587983,-0.287057610327,-1.22160810241,-0.053991402175,-0.985584758242,0.10539840844,-0.821189755762,0.210699727465,-0.943166055983,-0.4718439925,-0.604939063935,-0.765953819653,-0.795790958943,-1.11912285907,-0.681988049007,-1.26836520168
4.83333333333,-1.08329345724,-0.265483021073,-1.22160810241,-0.0417576240411,-0.981262661898,0.112420366574,-0.821189755762,0.233077569769,-0.943166055983,-0.4718439925,-0.604939063935,-0.765953819653,-0.763827253685,-1.14239456298,-0.596896958123,-1.28103988211
4.86666666667,-1.08652964563,-0.2555538067,-1.22160810241,-0.0417576240411,-0.993093386743,0.120925510586,-0.821189755762,0.236708603798,-0.943166055983,-0.4718439925,-0.604939063935,-0.765953819653,-0.729325058738,-1.15276117009,-0.556094904681,-1.28103988211
4.9,-1.08652964563,-0.2555538067,-1.22312813096,-0.0456067285842,-0.994692446516,0.121725040473,-0.821189755762,0.23745105165,-0.943224031433,-0.473664421641,-0.615159475304,-0.765953819653,-0.678262873458,-1.16649027925,-0.509360637795,-1.27529576324
4.93333333333,-1.08652964563,-0.2555538067,-1.22312813096,-0.0456067285842,-0.994692446516,0.121725040473,-0.821189755762,0.249388221028,-0.943966117198,-0.466220373815,-0.615159475304,-0.765953819653,-0.642032910659,-1.17671069062,-0.459428763175,-1.25059749898
4.96666666667,-1.08652964563,-0.2555538067,-1.21793061399,-0.0670342277606,-0.995422452064,0.111110991543,-0.821189755762,0.25098912421,-0.943966117198,-0.466220373815,-0.615159475304,-0.765953819653,-0.603038519298,-1.18192057522,-0.433529587408,-1.24440484689
5,-1.08652964563,-0.2555538067,-1.21793061399,-0.0670342277606,-0.996164045003,0.111110991543,-0.821189755762,0.263854353404,-0.947850472372,-0.472296201013,-0.61773783656,-0.765953819653,-0.579221903988,-1.18891138976,-0.422504351691,-1.24440484689
5.03333333333,-1.08652964563,-0.2555538067,-1.21793061399,-0.0755905174775,-0.996164045003,0.111110991543,-0.821189755762,0.264596801257,-0.955990225603,-0.477131353573,-0.650326196348,-0.774964793526,-0.595303435531,-1.20095260263,-0.422504351691,-1.24440484689
5.06666666667,-1.04968122784,-0.280242001449,-1.206076843,-0.0768776384234,-0.996164045003,0.107206041227,-0.821189755762,0.258657218437,-0.960060102218,-0.488007548061,-0.660121311015,-0.788175572331,-0.597735601045,-1.20095260263,-0.370763875411,-1.24440484689
5.1,-1.03965394716,-0.30075011953,-1.20358840917,-0.082565487175,-0.996164045003,0.106464448288,-0.821189755762,0.258657218437,-0.960802187983,-0.490187424995,-0.673717514956,-0.79379746311,-0.595981252149,-1.22112761493,-0.371632004208,-1.24440484689
5.13333333333,-1.03374545169,-0.312787759671,-1.20358840917,-0.0933037533527,-0.996164045003,0.106464448288,-0.819658457067,0.240931275959,-0.97477427152,-0.495544356608,-0.684987877558,-0.799432644411,-0.595143949267,-1.2262577564,-0.386766382896,-1.24641601194
5.16666666667,-1.01534575938,-0.317372359888,-1.19939607237,-0.102803931763,-0.993916091409,0.102119177165,-0.819658457067,0.239550786983,-0.961068875054,-0.484540616129,-0.699567580122,-0.805160859365,-0.596034414237,-1.24401389371,-0.412853653235,-1.26495056175
5.2,-1.0040436166,-0.314920702018,-1.18802037487,-0.122625594331,-0.979408679552,0.0929767267226,-0.819658457067,0.238135495764,-0.959654274066,-0.486627732342,-0.707036853451,-0.816936261801,-0.611903297429,-1.24482461555,-0.452628420934,-1.29411968931
5.23333333333,-0.985803282045,-0.322104059576,-1.17110392815,-0.138144595451,-0.401163173279,0.0360131191471,-0.819658457067,0.238135495764,-0.959654274066,-0.487358223017,-0.710545551242,-0.820351925939,-0.613524741106,-1.24482461555,-0.501287039986,-1.3133921486
5.26666666667,-0.985803282045,-0.323599570877,-1.17036843047,-0.158248198797,-0.966708900484,0.0564532745098,-0.817199098555,0.225931509189,-0.959654274066,-0.494721105213,-0.715449753837,-0.83889220404,-0.634669961507,-1.25573613406,-0.530152322475,-1.32120530777
5.3,-0.96725649026,-0.329790006998,-1.17111618645,-0.163004417149,-0.966708900484,0.0564532745098,-0.817199098555,0.225247065075,-0.959654274066,-0.495451595887,-0.715449753837,-0.843995764464,-0.655828472429,-1.24939655509,-0.494211790294,-1.34324131039
5.33333333333,-0.951651687918,-0.336115284302,-1.16713224066,-0.174490439305,-0.960486472235,0.0436028593753,-0.817199098555,0.220827180203,-0.959654274066,-0.495451595887,-0.720593185826,-0.843995764464,-0.710917685856,-1.26798999528,-0.554734836233,-1.34533928832
5.36666666667,-0.939037908178,-0.347037420112,-1.16829677866,-0.178682776101,-0.959756466687,0.0436028593753,-0.816468251451,0.220096333098,-0.959654274066,-0.512484783204,-0.729285187172,-0.850229019252,-0.761315345039,-1.27123288263,-0.588374827103,-1.35122809532
5.4,-0.933337803631,-0.350445224551,-1.15166227272,-0.190622355161,-0.959756466687,0.0436028593753,-0.811746747139,0.201326323328,-0.965996788335,-0.514606684687,-0.729285187172,-0.850229019252,-0.804974709601,-1.28136026035,-0.650764349955,-1.35857825246
5.43333333333,-0.929194501831,-0.363598369023,-1.14317953277,-0.20242709298,-0.955144685601,0.0366967751371,-0.811746747139,0.195931975649,-0.971956664632,-0.518989628734,-0.749154517468,-0.859877938178,-0.851332050115,-1.2829684135,-0.714412659562,-1.35857825246
5.46666666667,-0.918542048387,-0.364321608094,-1.13901171257,-0.214121506146,-0.935365011449,0.025850978414,-0.811062303025,0.195931975649,-0.972733535667,-0.545542385,-0.754191625281,-0.864117614676,-0.904201746379,-1.26917285173,-0.761595459659,-1.36138520224
5.5,-0.893976436531,-0.369813321723,-1.12807731367,-0.224210082703,-0.925029059871,0.0088291030014,-0.811062303025,0.188217478432,-0.972733535667,-0.546249685495,-0.754191625281,-0.864994789123,-0.919937724351,-1.27002344514,-0.776932401733,-1.35928722432
5.53333333333,-0.871102468606,-0.369813321723,-1.11418866575,-0.23985166677,-0.925029059871,0.00950117160176,-0.809136578907,0.184911265339,-0.99565702874,-0.547768642294,-0.786806566114,-0.877075873564,-0.933254827332,-1.27252206326,-0.809892358379,-1.35928722432
5.56666666667,-0.869643732173,-0.369813321723,-1.10305813414,-0.23985166677,-0.922097450287,0.0111118187647,-0.809136578907,0.183414768886,-0.994926538066,-0.548499132969,-0.788640658141,-0.878896675069,-0.95582213358,-1.28179884757,-0.870473279572,-1.35928722432
5.6,-0.860327432268,-0.375844400082,-1.1008393828,-0.23985166677,-0.921413794297,0.0111118187647,-0.807744489184,0.183414768886,-1.00490991062,-0.549902138867,-0.812364239797,-0.878896675069,-1.03928661134,-1.28286208933,-0.906601906325,-1.36015535311
5.63333333333,-0.849993694347,-0.369457831332,-1.09182953618,-0.232521206525,-0.902769684332,0.0119692855996,-0.807036843574,0.177544790553,-1.00922328413,-0.549902138867,-0.834439796734,-0.878896675069,-1.08173653841,-1.28286208933,-0.955029024365,-1.36015535311
5.66666666667,-0.831520452298,-0.363426752972,-1.07778153042,-0.227789504762,-0.901309673234,0.0164536053986,-0.807036843574,0.176848745691,-1.03264536607,-0.552290727422,-0.853139561099,-0.878896675069,-1.11238448199,-1.2786622844,-1.02769140464,-1.36015535311
5.7,-0.823724180272,-0.355336282001,-1.0745821155,-0.223756525798,-0.892700242716,0.0307872064098,-0.807036843574,0.173240913158,-1.03336426166,-0.54546121937,-0.884797584351,-0.878896675069,-1.16583896122,-1.27684148289,-1.03685016345,-1.36015535311
5.73333333333,-0.818502149009,-0.34180313056,-1.07687441661,-0.224528798366,-0.892700242716,0.0322588048968,-0.807036843574,0.172510066053,-1.02814647112,-0.543258152256,-0.910102738118,-0.880770638662,-1.19075868985,-1.27039557975,-1.0892127987,-1.36015535311
5.76666666667,-0.799330184467,-0.326602851767,-1.06803618612,-0.218939015972,-0.892700242716,0.0322588048968,-0.806189988993,0.168438203612,-1.02740438536,-0.543258152256,-0.925958330789,-0.8815813605,-1.20656112043,-1.25900560245,-1.0892127987,-1.36015535311
5.8,-0.790467441268,-0.30583730961,-1.05697920428,-0.210664667034,-0.892028174116,0.0554219968299,-0.805401138149,0.16905304324,-1.02740438536,-0.543258152256,-0.971106233807,-0.894021289033,-1.24280437375,-1.25633420754,-1.11797679949,-1.36015535311
5.83333333333,-0.780893717286,-0.289386685304,-1.05967602912,-0.202096119022,-0.890614512577,0.0554219968299,-0.814925352007,0.197242860139,-1.02672027504,-0.543258152256,-0.988569979631,-0.907644074018,-1.26279331875,-1.25016740536,-1.17454985941,-1.36015535311
5.86666666667,-0.771761291721,-0.268854050644,-1.05422108796,-0.187827463964,-0.886906547885,0.0568935953169,-0.815783807336,0.215653246731,-1.02534045933,-0.541147845863,-1.00532932779,-0.9084813769,-1.32171020249,-1.23110879691,-1.17654655564,-1.36015535311
5.9,-0.775071029846,-0.26178101769,-1.05279912578,-0.183831259884,-0.876918217997,0.0568935953169,-0.815783807336,0.215653246731,-1.02462156374,-0.541147845863,-1.0061799212,-0.9084813769,-1.35783384111,-1.21723349201,-1.24165621539,-1.36015535311
5.93333333333,-0.772766471448,-0.250822107012,-1.04362992132,-0.177702112523,-0.876918217997,0.0568935953169,-0.815783807336,0.227195990688,-1.02089953983,-0.524462511249,-1.04303453853,-0.906394764956,-1.39458213427,-1.20517898861,-1.32308669651,-1.34941949366
5.96666666667,-0.769272858983,-0.233611468766,-1.03971952531,-0.176966614839,-0.860904445485,0.0568935953169,-0.815783807336,0.231650677803,-1.02016904915,-0.523720425484,-1.04734066763,-0.895961705235,-1.41710956895,-1.17838529639,-1.32308669651,-1.34941949366
6,-0.764222443772,-0.220605423766,-1.03971952531,-0.176966614839,-0.860904445485,0.0568935953169,-0.815783807336,0.231650677803,-1.02625647144,-0.506130673844,-1.05805282832,-0.883282547308,-1.43373601189,-1.15040874771,-1.38336377263,-1.34941949366
6.03333333333,-0.765816021387,-0.206238708649,-1.03971952531,-0.174686572021,-0.860904445485,0.0698251221791,-0.815783807336,0.231650677803,-1.02625647144,-0.4894801245,-1.05805282832,-0.88411985019,-1.438042141,-1.13165582126,-1.45592487121,-1.32971296998
6.06666666667,-0.760875930779,-0.192644265761,-1.02652960018,-0.165247685084,-0.855759644475,0.0698251221791,-0.815783807336,0.237021823985,-1.02557236113,-0.490164234814,-1.05805282832,-0.88411985019,-1.43902563962,-1.1187773055,-1.48917420413,-1.30867531547
6.1,-0.770743853705,-0.230963678266,-1.02123401686,-0.159854035406,-0.855759644475,0.0698251221791,-0.815783807336,0.240142425115,-1.02557236113,-0.477282089744,-1.05805282832,-0.88411985019,-1.45557233944,-1.08806290931,-1.52653268001,-1.28513455627
6.13333333333,-0.78082016755,-0.228953318813,-1.02196951455,-0.159118537722,-0.834624245733,0.0981794646806,-0.815783807336,0.246824455788,-1.02488825081,-0.477282089744,-1.07507798692,-0.867931994471,-1.4773023428,-1.07622105426,-1.53573484525,-1.2680613566
6.16666666667,-0.777130422456,-0.232655322196,-1.02124627516,-0.158370781744,-0.834624245733,0.0989210576189,-0.815783807336,0.247543702145,-1.01911389596,-0.472284605923,-1.08301242851,-0.856196463601,-1.48804108453,-1.04890903168,-1.54817802467,-1.25243503826
6.2,-0.771148377254,-0.247389785994,-1.01479841213,-0.151714527709,-0.834624245733,0.0989210576189,-0.815783807336,0.247543702145,-1.01911389596,-0.467762520795,-1.08301242851,-0.857033766483,-1.5191674869,-1.02206217737,-1.56506312977,-1.21153170313
6.23333333333,-0.773563260256,-0.256951251686,-1.01405065616,-0.150231274048,-0.834624245733,0.0989210576189,-0.815783807336,0.240409242312,-1.01700358956,-0.467762520795,-1.08301242851,-0.857033766483,-1.51997820874,-1.00160806411,-1.58915370387,-1.16796610635
6.26666666667,-0.775120063003,-0.26892760038,-1.0009342808,-0.142913072098,-0.834624245733,0.0989210576189,-0.815783807336,0.239678395208,-1.00094438981,-0.454891970814,-1.08301242851,-0.857033766483,-1.51997820874,-0.981220403458,-1.60081556737,-1.1367424073
6.3,-0.779275623092,-0.287351809272,-1.00649954661,-0.132297388868,-0.839572061118,0.113857202892,-0.815783807336,0.234237644539,-1.00094438981,-0.455587676219,-1.08222828772,-0.857033766483,-1.51997820874,-0.939753975016,-1.60401317511,-1.10423098386
6.33333333333,-0.783811190151,-0.291200912127,-1.00649954661,-0.14834349666,-0.839572061118,0.113857202892,-0.814994956493,0.230560207519,-1.00094438981,-0.455587676219,-1.06270451099,-0.876371475901,-1.51997820874,-0.92680900665,-1.60401317511,-1.04997293407
6.36666666667,-0.784558945802,-0.29265964856,-1.01450421306,-0.14815962224,-0.857856962004,0.0871598571125,-0.814994956493,0.230560207519,-1.00094438981,-0.458567614367,-1.0571357823,-0.884797666809,-1.49904563669,-0.88501031516,-1.60401317511,-1.01079138772
6.4,-0.806207084792,-0.308387033795,-1.02621088452,-0.146590560515,-0.857856962004,0.0857925451325,-0.814994956493,0.229875763405,-1.00094438981,-0.459298105042,-1.04178522947,-0.88919682957,-1.48602092519,-0.873700080992,-1.60401317511,-1.01079138772
6.43333333333,-0.811098142242,-0.332217148289,-1.03258519778,-0.146590560515,-0.860962382433,0.0807752054091,-0.814994956493,0.227021979472,-0.993778624149,-0.467681355164,-1.02220829065,-0.912853958617,-1.44808977559,-0.865765639396,-1.59760349083,-1.01550822084
6.46666666667,-0.821149939509,-0.34501480237,-1.03258519778,-0.146590560515,-0.862619379155,0.059697743615,-0.813510060788,0.21571125047,-0.990798686,-0.468365465478,-1.00611346859,-0.912853958617,-1.40897576953,-0.842334449222,-1.59760349083,-1.01641975608
6.5,-0.834266309112,-0.358278271445,-1.03568654634,-0.153442947265,-0.862619379155,0.059697743615,-0.812802415179,0.208414380169,-0.975597522915,-0.490674418778,-0.983971459041,-0.925905251158,-1.3791518383,-0.840553519282,-1.54649964233,-1.01245530124
6.53333333333,-0.862840381585,-0.374692120884,-1.04340927202,-0.162232144582,-0.862619379155,0.059697743615,-0.812802415179,0.205432988012,-0.977012123904,-0.503104355335,-0.92940057597,-0.935620622694,-1.3521322072,-0.840553519282,-1.5106169854,-1.01128332737
6.56666666667,-0.876091592371,-0.382194193965,-1.05544691744,-0.167589019376,-0.86619988256,0.0364766147335,-0.812802415179,0.204702140907,-0.982287889887,-0.495718282959,-0.907444633731,-0.939820427626,-1.33599751357,-0.840553519282,-1.49021595868,-1.01128332737
6.6,-0.898867493981,-0.398277069591,-1.07090462708,-0.182078323739,-0.878088544353,0.0299760891335,-0.812802415179,0.204702140907,-0.974635130439,-0.515511101713,-0.907444633731,-0.940657730508,-1.3187464161,-0.840553519282,-1.44845896356,-1.01128332737
6.63333333333,-0.928066739211,-0.405435910571,-1.08538167315,-0.185829361924,-0.886894960496,0.0149240699633,-0.812802415179,0.191523691525,-0.95881942758,-0.530932571509,-0.891097291749,-0.941441871302,-1.29971438869,-0.840553519282,-1.40179704074,-1.01329449241
6.66666666667,-0.948096784007,-0.416345788092,-1.08328550475,-0.192105608823,-0.886894960496,0.0149240699633,-0.812802415179,0.186488967026,-0.95881942758,-0.543234962076,-0.857365947074,-0.948884563587,-1.29728222317,-0.840553519282,-1.32635664832,-1.01329449241
6.7,-0.965466780015,-0.436486157492,-1.09728447733,-0.192841106506,-0.89974537563,0.013394534528,-0.812802415179,0.180734996169,-0.951537711015,-0.559189806015,-0.831755111303,-0.948884563587,-1.28215760921,-0.840553519282,-1.39231996805,-0.989912890157
6.73333333333,-0.989198828194,-0.440421068373,-1.11310993581,-0.193564345895,-0.89974537563,0.0126645289793,-0.813498460041,0.176512324008,-0.951537711015,-0.562935020109,-0.778021531114,-0.948884563587,-1.25133688884,-0.848873386014,-1.37196234777,-0.985007962456
6.76666666667,-1.01646126371,-0.441144307445,-1.12910701043,-0.192816589917,-0.89974537563,0.0126645289793,-0.813498460041,0.168542610341,-0.951537711015,-0.562935020109,-0.759454671968,-0.939049577354,-1.22736078726,-0.863758770583,-1.32616855374,-1.01918329942
6.8,-1.03264220565,-0.4372829463,-1.14121820562,-0.18555967944,-0.89974537563,0.0126645289793,-0.813498460041,0.167858166227,-0.951537711015,-0.562935020109,-0.735624766136,-0.933720078057,-1.20391630657,-0.884558437414,-1.26570338306,-1.07208128076
6.83333333333,-1.03721454757,-0.4372829463,-1.14639120599,-0.17761630446,-0.918435835154,0.0126645289793,-0.813498460041,0.166489277999,-0.951537711015,-0.562935020109,-0.725749908337,-0.913345707928,-1.17672389869,-0.899550146158,-1.23057310442,-1.07824499522
6.86666666667,-1.04704569563,-0.43501516277,-1.15378295771,-0.172222654781,-0.918435835154,0.0126645289793,-0.813498460041,0.166489277999,-0.956245317584,-0.562935020109,-0.718041405614,-0.909956624835,-1.15678811578,-0.922250357626,-1.17877475289,-1.09310446645
6.9,-1.05952463419,-0.418920028855,-1.15460426345,-0.171487157098,-0.936813435157,0.0138580301145,-0.813498460041,0.166489277999,-0.957845440014,-0.562935020109,-0.693041933852,-0.902287993677,-1.13293162891,-0.936231986703,-1.17877475289,-1.09310446645
6.93333333333,-1.06773768805,-0.406980455029,-1.1624005389,-0.146186036789,-0.94389333024,0.0192345789173,-0.813498460041,0.173658540075,-0.957845440014,-0.562935020109,-0.691393909132,-0.898154641355,-1.10221723271,-0.944817663874,-1.14679867554,-1.10253813271
6.96666666667,-1.07785077677,-0.386227171161,-1.17571304697,-0.131402533353,-0.952305775134,0.0270792417181,-0.813498460041,0.176686335223,-0.957845440014,-0.556349008948,-0.674116230614,-0.866097902444,-1.08747804388,-0.971744261317,-1.08244139409,-1.15332366731
7,-1.0848380017,-0.379325754258,-1.18619388896,-0.121608155869,-0.955944215488,0.0294314818194,-0.814194504902,0.178078424947,-0.961880531359,-0.548371586978,-0.652067254721,-0.851398585182,-1.054225158,-0.998936669199,-1.00002703366,-1.19027701642
7.03333333333,-1.10003828049,-0.35517692424,-1.20273032854,-0.103061355952,-0.956720570595,0.0315172119584,-0.814194504902,0.181257029815,-0.967075131712,-0.546214900224,-0.645887162021,-0.84431473699,-1.02487968556,-1.00489082303,-0.938071575204,-1.20160609722
7.06666666667,-1.10914618947,-0.341839905428,-1.20355163428,-0.0832519516795,-0.960080913597,0.0417372896398,-0.814194504902,0.187718646281,-0.968710039412,-0.540510115909,-0.627812052187,-0.827621841438,-0.967544373928,-1.0352862467,-0.893536567936,-1.22945856278
7.1,-1.11647664651,-0.320289832753,-1.21431441705,-0.0665684125611,-0.965538574128,0.0568356583686,-0.814194504902,0.188414691143,-0.97963261426,-0.533715393126,-0.623399598904,-0.817055876499,-0.932191585577,-1.04573259694,-0.832666270478,-1.23416092709
7.13333333333,-1.11804570754,-0.301044318475,-1.21507443132,-0.0495048663063,-0.970787661644,0.0549121516848,-0.816073826029,0.210305302044,-0.917309005121,-0.502698527183,-0.622495843413,-0.798781408836,-0.888784740932,-1.07251299864,-0.794729042065,-1.24483891129
7.16666666667,-1.11804570754,-0.289313135568,-1.21507443132,-0.0495048663063,-0.972421483587,0.0666849395808,-0.816073826029,0.217497765615,-0.929704156409,-0.494581964132,-0.606852899094,-0.783045430863,-0.851411793247,-1.09494739967,-0.720952563163,-1.26192657977
7.2,-1.1187812049,-0.278121317392,-1.21507443132,-0.0368788227412,-0.977415648531,0.0755840548408,-0.816073826029,0.225397874795,-0.924637102047,-0.493886258728,-0.605138421764,-0.77581538693,-0.825388951295,-1.11970764204,-0.671382408875,-1.26788773084
7.23333333333,-1.1187812049,-0.277385820031,-1.222797157,-0.060990888462,-0.977415648531,0.0903695640488,-0.816073826029,0.225397874795,-0.924637102047,-0.492471657739,-0.587169636106,-0.760557867747,-0.791019661567,-1.13476580339,-0.638827579001,-1.2731833165
7.26666666667,-1.1187812049,-0.277385820031,-1.22353265468,-0.0602553907786,-0.977415648531,0.0896627332794,-0.816073826029,0.225397874795,-0.924637102047,-0.492471657739,-0.586332333224,-0.760557867747,-0.754829570334,-1.14848162203,-0.567843581062,-1.2731833165
7.3,-1.11731021018,-0.268388235649,-1.22428041066,-0.0572521085714,-0.977415648531,0.0896627332794,-0.816073826029,0.232311920421,-0.924637102047,-0.47498626191,-0.586332333224,-0.760557867747,-0.713881472248,-1.14931892491,-0.517029108832,-1.2731833165
7.33333333333,-1.11731021018,-0.268388235649,-1.22428041066,-0.0572521085714,-0.97813406669,0.0932664114641,-0.816073826029,0.237822275576,-0.927559064745,-0.472736814436,-0.601616433451,-0.766884156188,-0.685785308874,-1.16672950865,-0.46677892032,-1.2731833165
7.36666666667,-1.10903586487,-0.257417066681,-1.22428041066,-0.0364988156048,-0.97813406669,0.0940080044024,-0.816073826029,0.237137831462,-0.928254770149,-0.468052398046,-0.603450525478,-0.76778791168,-0.64855855693,-1.16836424285,-0.420608937152,-1.2656595336
7.4,-1.10903586487,-0.25668156932,-1.22428041066,-0.0523120157979,-0.97813406669,0.0940080044024,-0.816073826029,0.246789653545,-0.928254770149,-0.468052398046,-0.619359280236,-0.76778791168,-0.617697964994,-1.18137566382,-0.399701501966,-1.25916303644
7.43333333333,-1.09328396306,-0.25668156932,-1.21866611168,-0.0724401357336,-0.97813406669,0.0807288558505,-0.816073826029,0.253181665525,-0.930527407804,-0.472551292994,-0.638311564517,-0.780055063427,-0.585800712346,-1.18802092479,-0.399701501966,-1.25916303644
7.46666666667,-1.09328396306,-0.254450560659,-1.21789383911,-0.0732124083012,-0.97813406669,0.0791297960772,-0.816073826029,0.253181665525,-0.94920709791,-0.472551292994,-0.657622692891,-0.793305713798,-0.575208166363,-1.19055941448,-0.388054107277,-1.25916303644
7.5,-1.08520575038,-0.259390651267,-1.20898205885,-0.08190353926,-0.97813406669,0.0735330868707,-0.816073826029,0.249272213552,-0.956512004656,-0.481780984692,-0.666527342588,-0.800429433556,-0.57114126665,-1.19389533549,-0.388054107277,-1.25916303644
7.53333333333,-1.0687183512,-0.270913443255,-1.20898205885,-0.10580721397,-0.975932462654,0.0650395302489,-0.813858083219,0.247775717099,-0.962634212214,-0.487740860989,-0.68795166395,-0.812483936952,-0.570330544812,-1.19470605732,-0.380009447095,-1.25916303644
7.56666666667,-1.0687183512,-0.273855432698,-1.20063416014,-0.121461056332,-0.975932462654,0.0613663277262,-0.813127236114,0.244829127184,-0.962634212214,-0.492935461342,-0.695713328761,-0.828499015886,-0.566276935621,-1.20557770427,-0.391714717037,-1.25916303644
7.6,-1.06187822574,-0.282399460375,-1.19091333242,-0.141000778121,-0.973835145125,0.0613663277262,-0.813127236114,0.243413835965,-0.963364702889,-0.482534665547,-0.710930976378,-0.832007713677,-0.590053679366,-1.22689570145,-0.401104976854,-1.26299727195
7.63333333333,-1.03768036257,-0.290183474111,-1.16957164131,-0.153075198424,-0.973835145125,0.0613663277262,-0.813127236114,0.242682988861,-0.964083598473,-0.48625668946,-0.717948371961,-0.838932075606,-0.613245640145,-1.23218532918,-0.442572595707,-1.28054794246
7.66666666667,-1.03227445697,-0.295785512344,-1.16957164131,-0.153822954402,-0.972143386235,0.0558507302474,-0.811677142652,0.237497454641,-0.964083598473,-0.48625668946,-0.718798965365,-0.840553519282,-0.639614035667,-1.24005331817,-0.467979831822,-1.30303247829
7.7,-1.01282055177,-0.307406370647,-1.1605372781,-0.156164288694,-0.968377484595,0.0307987937994,-0.810957896295,0.226929173491,-0.964083598473,-0.48625668946,-0.719596396681,-0.842374320788,-0.683127204487,-1.24527649329,-0.485356876568,-1.30944216257
7.73333333333,-1.00063581216,-0.311451606132,-1.1605372781,-0.156164288694,-0.960150437935,0.0323515040141,-0.802698163936,0.201175513608,-0.964083598473,-0.48625668946,-0.720420409041,-0.842374320788,-0.719091356847,-1.26736534075,-0.538428483669,-1.34609166661
7.76666666667,-0.980568992493,-0.321760827474,-1.1605372781,-0.168005801397,-0.950787827089,0.0308219685788,-0.802002119075,0.188356687405,-0.964083598473,-0.499730184124,-0.730109199533,-0.846640578329,-0.736076643882,-1.26900007495,-0.624561329109,-1.36969030106
7.8,-0.970664294699,-0.330599054095,-1.15461652175,-0.185694520682,-0.950104171099,0.0308219685788,-0.802002119075,0.17992294383,-0.966263475407,-0.509667176316,-0.730906630849,-0.847477881211,-0.762445039404,-1.26978421574,-0.707366347496,-1.36772254246
7.83333333333,-0.946025133107,-0.339792771107,-1.14487117744,-0.205381342008,-0.942815703002,0.0203122061559,-0.802002119075,0.176210704568,-0.978809362865,-0.51349355604,-0.740143543595,-0.855930653163,-0.805320263171,-1.28287537985,-0.791589309583,-1.36772254246
7.86666666667,-0.9245118353,-0.356549852647,-1.14250532656,-0.210640150444,-0.942815703002,0.0203122061559,-0.802002119075,0.174795413349,-0.978809362865,-0.532347172498,-0.75411188215,-0.864994789123,-0.847158826227,-1.28369939221,-0.734914967976,-1.36772254246
7.9,-0.898364904118,-0.363561594155,-1.11998683915,-0.220079037381,-0.940602511576,0.0139623166214,-0.802002119075,0.174064566244,-0.978809362865,-0.534480669071,-0.761979871136,-0.865832092005,-0.890632123481,-1.28084192999,-0.764619441634,-1.36772254246
7.93333333333,-0.886572429764,-0.368072644635,-1.10726272923,-0.220851309949,-0.910591172353,0.0112624548303,-0.802002119075,0.17126878605,-0.980316724575,-0.541298582034,-0.761979871136,-0.865832092005,-0.924363468156,-1.28077547738,-0.800039096537,-1.36772254246
7.96666666667,-0.874387690151,-0.370291395007,-1.09049338205,-0.229334049897,-0.910591172353,0.0112624548303,-0.797419823735,0.159946456299,-0.992248072259,-0.544591587614,-0.775775432906,-0.87025783581,-0.958653014752,-1.28155961818,-0.86305077836,-1.36772254246
8,-0.856024772707,-0.373208867872,-1.08305259715,-0.230081805875,-0.89018577916,0.0112624548303,-0.79668897663,0.159215609194,-1.00697383665,-0.550968887154,-0.819594283731,-0.901131718269,-1.00070422616,-1.28155961818,-0.868679146725,-1.36772254246
8.03333333333,-0.840432228655,-0.369604930804,-1.08305259715,-0.230081805875,-0.89018577916,0.0112624548303,-0.79668897663,0.159215609194,-1.00916530867,-0.550968887154,-0.850893462891,-0.900639968957,-1.0319901148,-1.28155961818,-0.890946650359,-1.36772254246
8.06666666667,-0.823049974358,-0.364689356775,-1.07416533348,-0.230081805875,-0.879780303244,0.0112624548303,-0.79668897663,0.159215609194,-1.00916530867,-0.550968887154,-0.851757346817,-0.899776085031,-1.08694642301,-1.27350556189,-0.938158388083,-1.36772254246
8.1,-0.816344690084,-0.358903444202,-1.04517446646,-0.237400007825,-0.879780303244,0.0112624548303,-0.79668897663,0.164377941919,-1.00916530867,-0.550968887154,-0.868676181242,-0.899776085031,-1.13746369689,-1.27350556189,-1.04150912132,-1.36772254246
8.13333333333,-0.805275454802,-0.349930376399,-1.03982984996,-0.230143097349,-0.879015535526,0.0212276099391,-0.79668897663,0.164377941919,-1.00916530867,-0.550968887154,-0.88211289892,-0.899776085031,-1.19612806071,-1.26860135929,-1.10627152955,-1.35391929459
8.16666666667,-0.795775280556,-0.329177092531,-1.03680205116,-0.220961634601,-0.879015535526,0.0212276099391,-0.79668897663,0.173716543813,-1.02173438631,-0.551652997468,-0.90263346479,-0.902500642028,-1.25031351865,-1.25343687376,-1.13698882014,-1.35391929459
8.2,-0.786863504199,-0.310679333903,-1.02932449138,-0.205798124029,-0.879015535526,0.0240201708475,-0.797489428221,0.185584108705,-1.02173438631,-0.550226801389,-0.911803924926,-0.902500642028,-1.26558432835,-1.24435944728,-1.1796573505,-1.35391929459
8.23333333333,-0.781494373464,-0.292353191326,-1.02613733475,-0.195145665914,-0.879015535526,0.0240201708475,-0.797489428221,0.185584108705,-1.02173438631,-0.549484715625,-0.950638830025,-0.902500642028,-1.30065801574,-1.23283656476,-1.21717498332,-1.3529498841
8.26666666667,-0.778319476523,-0.283747872203,-1.02451923985,-0.183304153211,-0.862967000845,0.0240201708475,-0.797489428221,0.191001657879,-1.02173438631,-0.549484715625,-0.981113996825,-0.902500642028,-1.30318321491,-1.23194609979,-1.27928959872,-1.34827645741
8.3,-0.77215355698,-0.269736647477,-1.01984882956,-0.172087813539,-0.862967000845,0.0284233789188,-0.798266678317,0.204551331187,-1.0131076393,-0.534666190512,-1.0170249871,-0.902500642028,-1.32564419698,-1.22651027632,-1.3114103642,-1.34710448354
8.33333333333,-0.759147511981,-0.242032913548,-1.01984882956,-0.169060014743,-0.845365755949,0.0505089436135,-0.799821178508,0.222822508807,-1.024783895,-0.528277295882,-1.02769727621,-0.889515802096,-1.34317439542,-1.21013635329,-1.34759686621,-1.34710448354
8.36666666667,-0.761697236166,-0.229100418285,-1.01984882956,-0.166019957651,-0.844519876504,0.0784577274768,-0.799821178508,0.223564956659,-1.024783895,-0.525343738094,-1.04149283798,-0.888691789736,-1.36140899152,-1.18860570776,-1.3826837384,-1.34241658803
8.4,-0.757725550417,-0.220544132319,-1.01087575782,-0.162048270161,-0.844519876504,0.0784577274768,-0.799821178508,0.225745897226,-1.02080677911,-0.520775272606,-1.04231685034,-0.880332051438,-1.38715273251,-1.15608380058,-1.40304135869,-1.33804700642
8.43333333333,-0.755175826232,-0.204167057749,-1.00414595402,-0.150329340406,-0.844519876504,0.0784577274768,-0.799821178508,0.240780466239,-1.0154382524,-0.503057974975,-1.05564724384,-0.881142773276,-1.40873654013,-1.14571719347,-1.43656559905,-1.33377870651
8.46666666667,-0.755175826232,-0.195757871256,-1.00414595402,-0.149593842722,-0.844519876504,0.0784577274768,-0.799821178508,0.240780466239,-1.01012770115,-0.488424971304,-1.05843825345,-0.876756901037,-1.42080433405,-1.12786802251,-1.45878969624,-1.3164450682
8.5,-0.755911323593,-0.18004274431,-0.999463285435,-0.146517010747,-0.840000794536,0.0824090273514,-0.799821178508,0.240780466239,-1.0093740203,-0.477131353573,-1.07740382825,-0.867480116726,-1.4384674377,-1.10353307684,-1.48842182584,-1.28681293861
8.53333333333,-0.755911323593,-0.174734905022,-0.999463285435,-0.141920150225,-0.840000794536,0.0824090273514,-0.799821178508,0.2414765111,-0.995749789461,-0.464365159403,-1.07987586534,-0.866642813844,-1.45123962928,-1.06946946912,-1.50678274988,-1.27023167859
8.56666666667,-0.756683595822,-0.173999407661,-0.969025939637,-0.131905123436,-0.822770346109,0.0824090273514,-0.799821178508,0.242195757458,-0.995749789461,-0.459692338104,-1.07987586534,-0.864130905198,-1.46584591289,-1.04885586959,-1.51764882866,-1.25169712878
8.6,-0.756683595822,-0.173999407661,-0.961756770866,-0.140682062458,-0.822770346109,0.0824090273514,-0.799821178508,0.242195757458,-0.995749789461,-0.459692338104,-1.08342443469,-0.859678580349,-1.4748170152,-1.04699519652,-1.54655751758,-1.21700091455
8.63333333333,-0.756683595822,-0.195708838098,-0.961756770866,-0.141405301847,-0.81352360916,0.114054188517,-0.799821178508,0.243622649424,-0.994984513516,-0.453836817618,-1.0842750281,-0.857100219093,-1.48531652753,-1.03766525012,-1.57009827679,-1.18927866831
8.66666666667,-0.754354520846,-0.203076069997,-0.959807702005,-0.157770125303,-0.81352360916,0.114054188517,-0.799821178508,0.247334888686,-0.970379732382,-0.453836817618,-1.08596292438,-0.852395374328,-1.50662123419,-1.01137659773,-1.60255182497,-1.13548362054
8.7,-0.754354520846,-0.211215574125,-0.960543199688,-0.157770125303,-0.815076319374,0.103254741352,-0.799821178508,0.247334888686,-0.970379732382,-0.457524056261,-1.074825467,-0.868888912051,-1.50779080012,-0.968807055969,-1.60560474457,-1.10773243667
8.73333333333,-0.754354520846,-0.226575210679,-0.962038711645,-0.157770125303,-0.824786551911,0.0758042152444,-0.799821178508,0.245165548867,-0.970379732382,-0.464028901791,-1.07398816412,-0.868888912051,-1.5139576023,-0.934982677641,-1.61364940475,-1.05710605902
8.76666666667,-0.754354520846,-0.240819342903,-0.962038711645,-0.157770125303,-0.82925928432,0.0448658848484,-0.799821178508,0.236430185853,-0.970379732382,-0.474487673037,-1.06564171634,-0.868888912051,-1.5139576023,-0.920695366559,-1.61903180329,-0.992256837908
8.8,-0.759858492763,-0.24633557311,-0.969602079489,-0.157770125303,-0.830000877258,0.0456074777867,-0.799821178508,0.233390789957,-0.970379732382,-0.475218163711,-1.05612570263,-0.874151958738,-1.51225641549,-0.911883750515,-1.61903180329,-0.992256837908
8.83333333333,-0.759858492763,-0.247107845339,-0.978489343163,-0.164230246622,-0.830000877258,0.0456074777867,-0.799821178508,0.220479157772,-0.970379732382,-0.479577917578,-1.04720776242,-0.885887489608,-1.50325873214,-0.910089530054,-1.61903180329,-0.994875693111
8.86666666667,-0.764541159295,-0.258826769957,-0.979972596825,-0.166620614093,-0.838181574359,0.0241476321338,-0.797524230464,0.195699960696,-0.970379732382,-0.486975585045,-1.01251950016,-0.916322784842,-1.47792699733,-0.891469508821,-1.57558195702,-1.0022692567
8.9,-0.768598653069,-0.278145833971,-0.979972596825,-0.166620614093,-0.838181574359,0.0241476321338,-0.797524230464,0.205920219415,-0.970379732382,-0.495753068229,-0.965271694677,-0.917944228518,-1.42827360738,-0.873700080992,-1.53407093173,-1.0022692567
8.93333333333,-0.774151658144,-0.29773458035,-0.982252639643,-0.167380628366,-0.846802592267,0.0225369849709,-0.797524230464,0.204470125953,-0.970379732382,-0.496483558904,-0.949017386348,-0.934942806075,-1.39075446395,-0.842028767217,-1.53407093173,-1.0022692567
8.96666666667,-0.795677214241,-0.319309169605,-0.982988137327,-0.168140642639,-0.847521010426,0.0218301542015,-0.797524230464,0.203739278848,-0.970379732382,-0.503046379885,-0.939395048466,-0.942584856189,-1.36372154233,-0.842028767217,-1.49817380598,-0.999578057426
9,-0.8126426867,-0.345456100786,-1.00622986412,-0.190892037645,-0.86688353855,0.000590468952137,-0.797524230464,0.200885494915,-0.967237462973,-0.513771838202,-0.939395048466,-0.942584856189,-1.33464188034,-0.842028767217,-1.4625515877,-1.00154581603
9.03333333333,-0.821738337397,-0.353509796888,-1.01327838359,-0.207796226068,-0.86861005961,-0.0019819315527,-0.797524230464,0.195653557705,-0.967237462973,-0.514479138696,-0.922595828739,-0.948725077323,-1.28997243611,-0.842028767217,-1.40458952171,-1.00154581603
9.06666666667,-0.836080535936,-0.369506864489,-1.02211661408,-0.217639636731,-0.86861005961,-0.0019819315527,-0.797524230464,0.1949227106,-0.956001820693,-0.528903430746,-0.89721093184,-0.953057787475,-1.30561538043,-0.819993081846,-1.39906243503,-1.00154581603
9.1,-0.856809303225,-0.390480797565,-1.03690011752,-0.223131352767,-0.86861005961,-0.0019819315527,-0.797524230464,0.186860190952,-0.94913752737,-0.546922200719,-0.891562460017,-0.954692521673,-1.28167915042,-0.821654397089,-1.3981508998,-1.00154581603
9.13333333333,-0.865868179054,-0.386607178131,-1.03709625024,-0.219968712729,-0.924635088623,-0.0267789454281,-0.797524230464,0.18465604889,-0.936243787209,-0.558726002412,-0.869221092642,-0.954692521673,-1.27347889838,-0.83943711544,-1.41969496277,-0.999303149974
9.16666666667,-0.898842977403,-0.392013083734,-1.04611835515,-0.218448684183,-0.894496288114,-0.013882180735,-0.797524230464,0.179493716166,-0.936243787209,-0.559456493087,-0.827475563239,-0.954692521673,-1.23876405509,-0.856209754123,-1.3905258352,-1.01921223704
9.2,-0.910365769391,-0.406747547531,-1.04611835515,-0.218448684183,-0.902329363525,-0.013882180735,-0.797524230464,0.16517839351,-0.933947959375,-0.564581522899,-0.803499461666,-0.954692521673,-1.21135899885,-0.866164355054,-1.31731364002,-1.02012377228
9.23333333333,-0.916568463801,-0.415365124944,-1.05387785571,-0.218448684183,-0.916547090639,-0.0121788344547,-0.79980957776,0.169934700065,-0.929553420238,-0.566030909158,-0.769781407513,-0.954692521673,-1.17923580733,-0.898141350833,-1.25981457605,-1.05952235083
9.26666666667,-0.934183625596,-0.420771030547,-1.07221626462,-0.221795198642,-0.923742859619,-0.00737006774525,-0.800528824117,0.157197079096,-0.928788144293,-0.574970723604,-0.748835544941,-0.945017021703,-1.13084501696,-0.941255803995,-1.29603001569,-1.03721144076
9.3,-0.952987841457,-0.423737536569,-1.09566638242,-0.220973892896,-0.929953700478,-0.00266558754272,-0.799844380003,0.157197079096,-0.928057653618,-0.574970723604,-0.72226779159,-0.917518931816,-1.09238224648,-0.957297463972,-1.25025069048,-1.05625239903
9.33333333333,-0.967501656047,-0.406134633064,-1.10530140208,-0.204388420135,-0.939327898714,0.00431002103345,-0.799844380003,0.158670374053,-0.928057653618,-0.574970723604,-0.695008931098,-0.912973573314,-1.11234461043,-0.941455161824,-1.20969460686,-1.07645086237
9.36666666667,-0.971559149821,-0.39453829134,-1.12802828049,-0.193331438295,-0.940081079042,0.00506320136144,-0.799844380003,0.163403479112,-0.928057653618,-0.574970723604,-0.690051566416,-0.905039131718,-1.08650783578,-0.966853349245,-1.13549853237,-1.13442739717
9.4,-0.982101278661,-0.377057970728,-1.13716071006,-0.181085401866,-0.946060172107,0.00733432973508,-0.799844380003,0.163403479112,-0.928057653618,-0.574970723604,-0.659164393436,-0.889715159925,-1.0693099004,-0.979851479699,-1.08676756926,-1.16019635362
9.43333333333,-0.996664126408,-0.366405517284,-1.1398697932,-0.167956768218,-0.946060172107,0.00733432973508,-0.799844380003,0.176871947186,-0.928834524653,-0.564453976908,-0.643295510243,-0.87568036876,-1.01988244931,-1.02119829344,-1.0776666857,-1.16570897148
9.46666666667,-1.00431329896,-0.361869950225,-1.14794800942,-0.156372679704,-0.946060172107,0.00733432973508,-0.799844380003,0.179122492239,-0.928834524653,-0.554911217779,-0.630682804926,-0.839131433435,-0.963543926825,-1.04561298224,-1.03930986171,-1.17402853911
9.5,-1.00439910699,-0.350114250739,-1.15581783463,-0.136220043179,-0.94904971864,0.0161870954364,-0.799844380003,0.179122492239,-0.928834524653,-0.546064164053,-0.614335462944,-0.811194756325,-0.929241089707,-1.0609768256,-0.972854602322,-1.20914434894
9.53333333333,-1.008763058,-0.335759793911,-1.1677451554,-0.116337089138,-0.957821372613,0.0265809839627,-0.799844380003,0.181210626824,-0.928834524653,-0.533854534207,-0.597988120962,-0.785065590197,-0.878976335743,-1.0862421078,-0.910117827952,-1.25679015106
9.56666666667,-1.01033211903,-0.326247361376,-1.17448721749,-0.101271644923,-0.957821372613,0.0265809839627,-0.799844380003,0.193240602184,-0.928834524653,-0.52623656003,-0.58465772746,-0.771801649305,-0.850175774707,-1.08952486672,-0.870661374144,-1.25771615511
9.6,-1.01033211903,-0.31450392018,-1.17612982899,-0.0884739852317,-0.957821372613,0.0265809839627,-0.800621630099,0.200247453792,-0.928834524653,-0.507359753392,-0.5838337151,-0.759335139728,-0.850175774707,-1.09111972935,-0.815578601997,-1.26363389974
9.63333333333,-1.01103084153,-0.292782231453,-1.18593646477,-0.0747324368468,-0.960080913597,0.0384696457553,-0.805064716466,0.204644137168,-0.928834524653,-0.492146995217,-0.5838337151,-0.759335139728,-0.82445861476,-1.10763984812,-0.745867859627,-1.2706802118
9.66666666667,-1.01024631101,-0.287400842429,-1.19385532316,-0.0683826401802,-0.960080913597,0.0624555423544,-0.804333869361,0.211024548401,-0.928834524653,-0.492146995217,-0.5838337151,-0.737060224963,-0.757447803156,-1.13548349157,-0.706136498367,-1.27884062249
9.7,-1.01024631101,-0.279016172514,-1.19385532316,-0.0644599858687,-0.456771056264,0.235849241248,-0.806746824882,0.221975654225,-0.928834524653,-0.492146995217,-0.5838337151,-0.736236212603,-0.73222239252,-1.14808290637,-0.610121453459,-1.28459921018
